source_id,target_id
0,8
0,9
0,13
0,19
0,20
0,22
0,40
0,41
0,42
0,53
0,92
0,93
1,8
1,9
1,13
1,19
1,20
1,22
1,40
1,41
1,42
1,53
1,92
1,93
2,8
2,9
2,13
2,19
2,20
2,22
2,40
2,41
2,42
2,53
2,92
2,93
3,42
3,53
4,42
4,53
5,53
5,64
5,74
5,99
6,40
6,53
7,26
7,58
7,64
7,95
8,40
8,53
9,26
9,58
9,64
9,95
10,26
10,58
10,64
10,95
11,9
12,9
13,42
13,64
13,68
14,42
14,64
14,68
15,42
16,42
17,9
18,3
18,53
18,64
18,74
19,3
19,53
19,64
19,74
20,3
20,12
20,64
20,74
21,3
21,53
21,64
21,74
22,3
22,53
22,64
22,74
23,64
23,80
23,95
24,64
24,80
24,95
25,64
25,80
25,95
26,64
26,95
26,99
27,64
27,95
27,99
28,64
28,80
28,95
29,26
29,42
29,53
29,64
29,99
31,64
32,64
32,80
32,95
32,97
32,98
33,64
33,80
33,95
33,97
33,98
34,64
34,80
34,95
34,97
34,98
35,64
35,80
35,95
35,97
35,98
36,13
36,64
36,95
37,64
37,80
38,42
38,64
38,78
39,23
39,64
39,80
39,95
39,99
40,42
40,64
40,78
41,13
41,64
41,95
42,23
42,64
42,80
42,95
42,99
43,64
43,80
44,64
44,80
45,64
45,80
46,23
46,64
46,80
46,95
46,99
47,13
47,64
47,73
48,42
48,64
48,78
49,13
49,64
49,95
50,64
50,80
51,64
51,80
52,95
53,64
53,80
54,9
54,13
54,16
54,78
55,13
55,26
55,53
55,64
56,9
56,13
56,16
56,78
57,9
57,13
57,16
57,78
58,13
58,26
58,53
58,64
59,64
59,92
60,64
60,92
61,42
61,48
61,53
62,9
62,42
62,48
62,53
62,55
62,78
63,3
63,5
63,42
63,53
64,3
64,5
64,42
64,53
65,3
65,5
65,42
65,53
66,42
66,53
66,95
67,42
67,53
67,95
68,42
68,53
68,95
69,5
69,9
69,31
69,42
69,48
69,78
69,95
70,48
70,53
70,55
72,9
72,36
72,42
72,48
72,64
72,95
75,48
75,53
75,55
76,53
76,82
77,3
77,9
77,10
77,22
77,42
77,53
77,58
77,64
78,3
78,9
78,10
78,22
78,42
78,53
78,58
78,64
79,19
79,26
79,42
79,53
79,68
79,72
80,25
80,53
81,53
81,55
81,68
82,42
82,53
82,55
82,68
83,25
83,53
84,25
84,53
85,25
85,53
86,42
86,53
86,55
86,68
87,53
87,55
87,68
88,42
88,53
88,55
88,68
89,9
89,53
89,65
89,95
90,53
90,64
90,95
91,53
91,64
91,95
92,53
92,64
92,95
93,42
93,64
94,42
94,64
95,42
95,64
96,53
97,53
98,64
98,99
99,36
99,64
99,80
100,42
100,47
100,53
100,78
100,92
101,42
101,47
101,53
101,78
101,92
102,92
103,92
104,42
104,47
104,53
104,78
104,92
105,42
105,53
105,92
105,95
106,42
106,53
106,56
107,42
107,53
108,13
108,40
108,53
108,58
108,64
108,82
108,86
109,42
109,53
109,92
109,95
110,42
110,53
110,56
111,42
111,53
112,13
112,40
112,53
112,58
112,64
112,82
112,86
113,9
113,13
113,53
114,13
114,25
114,42
114,53
115,13
115,25
115,42
115,53
116,13
116,48
116,53
117,13
117,48
117,53
118,9
118,13
118,53
119,13
119,25
119,42
119,53
120,13
120,42
120,53
120,86
121,13
121,53
122,13
122,42
122,53
122,56
123,13
123,56
123,95
124,3
124,9
124,13
124,42
124,53
125,9
125,13
125,53
126,13
126,56
126,95
127,13
128,13
128,16
128,42
128,53
128,56
128,92
129,13
129,53
130,9
130,13
130,53
131,13
131,56
131,95
132,9
132,13
132,53
133,13
133,42
133,53
133,86
134,3
134,9
134,13
134,42
134,53
135,13
135,53
136,13
136,42
136,53
136,95
137,13
137,53
138,13
138,42
138,53
138,95
139,13
139,53
140,13
140,53
141,13
141,42
141,53
141,95
142,53
142,68
142,95
143,53
143,68
143,95
144,53
145,13
145,53
145,56
146,13
146,53
146,56
147,13
147,53
147,56
148,13
148,53
148,56
149,53
149,74
150,53
150,74
151,8
151,9
151,13
151,22
151,42
151,53
152,8
152,9
152,13
152,22
152,42
152,53
153,8
153,9
153,13
153,22
153,42
153,53
154,3
154,13
154,19
154,42
154,64
154,74
154,75
154,95
155,3
155,13
155,19
155,42
155,64
155,74
155,75
155,95
156,19
156,42
156,53
156,64
157,19
157,42
157,47
157,53
157,64
157,93
158,3
158,13
158,19
158,42
158,64
158,74
158,75
158,95
159,3
159,13
159,19
159,42
159,64
159,74
159,75
159,95
160,64
160,99
161,64
161,99
164,53
164,55
164,64
165,53
165,95
167,42
167,53
167,64
168,25
168,53
168,95
169,25
169,53
169,95
170,25
170,53
170,95
171,9
171,42
171,53
171,55
171,56
172,9
172,42
172,53
172,55
172,56
173,9
173,42
173,53
173,55
173,56
174,9
174,58
176,13
176,26
176,42
176,53
177,13
177,26
177,42
177,53
178,13
178,26
178,42
178,53
179,53
180,53
181,9
183,3
183,53
183,64
183,99
185,3
185,53
185,64
185,99
186,3
186,53
186,64
186,99
188,42
188,48
188,53
188,68
189,42
189,48
189,53
189,68
190,42
190,53
190,55
190,68
190,95
191,42
191,48
191,53
191,68
192,42
192,53
192,55
192,68
192,95
193,3
193,26
193,53
193,64
193,74
193,78
193,99
194,53
195,9
195,40
195,42
195,53
196,9
196,40
196,42
196,53
197,9
197,40
197,42
197,53
198,9
198,40
198,42
198,53
199,53
200,42
200,53
200,92
200,95
201,8
201,22
201,42
201,53
201,64
201,69
202,8
202,22
202,42
202,53
202,64
202,69
203,9
203,13
203,42
203,69
204,9
204,13
204,42
205,9
205,13
205,42
206,8
206,9
206,10
206,22
206,48
206,74
206,77
206,83
206,98
207,8
207,9
207,10
207,22
207,48
207,74
207,77
207,83
207,98
208,64
209,64
213,53
213,95
214,53
214,95
215,53
215,64
215,95
216,9
216,20
216,53
216,64
216,95
216,99
217,9
217,53
217,64
217,93
217,95
217,99
218,9
218,53
218,64
218,93
218,95
218,99
219,9
219,53
219,64
219,93
219,95
219,99
220,19
220,42
220,53
220,65
221,19
221,42
221,53
221,65
222,25
222,53
222,64
222,80
222,95
223,95
224,95
225,95
226,13
226,42
226,78
227,13
227,42
227,78
228,13
228,42
228,78
229,40
229,42
229,53
230,9
230,53
230,56
230,78
231,40
231,42
231,53
232,9
232,53
232,56
232,78
233,9
233,53
233,56
233,78
234,9
234,53
234,56
234,78
235,64
236,64
237,64
238,9
238,10
238,13
238,20
238,22
238,42
238,53
238,58
238,78
239,78
240,78
241,78
242,13
242,42
242,53
242,64
242,99
243,13
243,42
243,53
243,64
243,99
244,19
244,42
245,19
245,42
246,19
246,26
246,42
246,72
247,19
247,26
247,42
247,72
248,13
248,53
248,78
248,92
249,13
249,53
249,78
249,92
250,13
250,53
250,78
250,92
251,53
251,64
251,65
251,95
252,19
252,26
252,42
252,64
252,95
252,99
253,19
253,26
253,42
253,64
253,95
253,99
254,19
254,26
254,42
254,64
254,95
254,99
255,19
255,26
255,42
255,64
255,95
255,99
256,69
256,95
257,53
257,95
258,9
258,42
258,56
259,53
259,95
260,69
260,95
261,53
261,95
262,69
262,95
263,26
263,53
264,22
264,53
265,26
265,53
266,42
267,69
267,95
268,42
268,53
269,42
269,64
269,72
269,95
270,42
270,53
270,95
271,13
271,53
272,19
272,53
272,64
273,13
273,53
274,13
274,53
275,13
275,53
276,9
276,25
276,26
276,53
276,58
276,64
277,13
277,53
277,56
278,9
278,20
278,30
278,53
278,55
278,64
278,69
278,86
278,92
279,13
279,53
280,13
280,53
280,56
281,9
281,25
281,26
281,53
281,58
281,64
282,9
282,13
282,30
282,42
282,53
282,55
282,58
282,92
283,13
283,42
283,53
283,95
284,13
284,42
284,53
284,95
285,13
285,53
286,9
286,25
286,26
286,53
286,58
286,64
287,13
287,42
287,53
287,95
288,9
288,13
288,30
288,42
288,53
288,55
288,58
288,92
289,9
289,13
289,30
289,42
289,53
289,55
289,58
289,92
290,9
290,20
290,30
290,53
290,55
290,64
290,69
290,86
290,92
291,13
291,53
292,9
292,20
292,30
292,53
292,55
292,64
292,69
292,86
292,92
293,13
293,53
293,56
294,26
294,53
294,74
295,42
295,53
295,64
296,42
296,53
296,64
297,3
297,13
297,42
297,95
298,42
298,47
298,64
298,99
299,42
299,53
299,64
299,83
300,42
300,48
300,53
300,64
301,8
301,9
301,13
301,22
301,25
301,48
301,53
301,55
301,68
302,8
302,9
302,13
302,22
302,25
302,48
302,53
302,55
302,68
303,53
304,42
304,53
304,56
304,64
304,65
305,42
305,53
305,56
305,64
305,65
306,42
306,53
306,64
307,42
307,53
307,56
307,64
307,65
308,42
308,53
308,64
310,19
310,42
310,53
310,82
311,9
311,25
311,42
311,53
312,40
312,42
312,53
312,64
312,78
313,64
314,64
315,64
316,42
316,53
317,13
317,42
317,53
317,82
318,9
318,25
318,42
318,53
319,42
319,53
320,64
322,19
322,42
322,53
322,82
324,40
324,42
324,53
324,64
324,78
325,25
325,26
325,68
325,95
326,19
326,42
326,53
326,82
327,42
327,53
328,42
328,53
328,64
329,42
330,64
331,53
331,64
332,42
332,53
332,64
333,42
333,53
333,64
334,9
334,25
334,42
334,53
335,42
335,53
335,69
336,40
336,42
336,78
336,82
337,40
337,42
337,53
337,64
337,78
338,13
338,42
338,53
338,82
339,42
339,53
339,69
340,64
341,13
341,19
341,42
341,53
341,78
341,82
342,53
342,78
343,53
343,95
344,13
345,13
346,9
346,42
347,13
347,53
348,13
348,53
349,13
349,53
350,64
350,95
351,64
351,95
352,64
352,95
353,64
353,95
354,9
354,42
354,53
355,9
355,13
355,42
355,53
356,40
356,42
357,9
357,13
357,31
357,53
357,56
358,13
358,25
358,42
358,53
359,13
359,25
359,42
359,53
360,9
360,13
360,31
360,53
360,56
361,13
361,16
361,64
362,13
362,16
362,64
363,13
363,16
363,64
364,13
364,16
364,64
365,9
365,13
365,31
365,53
365,56
366,13
366,16
366,53
366,64
367,13
367,16
367,53
367,64
368,13
368,16
368,64
369,13
369,25
369,42
369,53
370,13
370,16
370,53
370,64
371,13
371,16
371,64
372,19
372,23
372,42
372,49
372,64
372,80
372,95
372,99
373,19
373,23
373,42
373,49
373,64
373,80
373,95
373,99
374,19
374,23
374,42
374,49
374,64
374,80
374,95
374,99
375,13
375,22
375,56
375,78
375,92
376,13
376,22
376,56
376,78
376,92
377,53
377,56
377,92
378,3
378,53
378,64
378,74
378,95
379,3
379,53
379,64
379,74
379,95
380,26
380,42
380,53
380,64
380,92
380,95
381,64
381,68
381,95
382,64
382,68
382,95
383,42
383,53
383,92
383,95
384,26
384,42
384,53
384,64
384,92
384,95
385,42
385,53
385,92
385,95
386,23
386,53
386,64
386,85
387,26
387,42
387,53
387,64
387,92
387,95
388,42
388,47
388,53
388,92
389,42
389,53
389,92
389,95
390,42
390,43
390,53
391,42
391,43
391,53
391,92
392,64
392,74
392,95
393,64
393,74
393,95
394,37
394,42
394,64
394,95
395,40
396,53
396,56
396,74
396,95
397,53
397,56
397,74
397,95
398,13
398,42
398,53
398,64
399,19
399,42
400,19
400,42
401,53
401,92
402,13
402,42
402,74
403,19
403,42
404,13
404,42
404,74
405,42
405,53
405,64
405,78
405,95
406,42
406,53
406,64
406,78
406,95
407,42
407,53
407,64
407,78
407,95
408,53
408,64
409,53
409,64
410,53
410,64
411,26
411,65
412,19
412,42
412,64
412,72
413,19
413,42
413,64
413,72
414,19
414,42
414,64
414,72
415,26
415,65
416,26
416,65
417,19
417,42
417,64
417,72
418,42
418,53
418,56
418,58
418,78
419,11
419,26
419,42
419,53
419,64
419,74
420,11
420,26
420,42
420,53
420,64
420,74
421,3
421,95
422,53
422,95
423,53
424,53
425,64
426,26
426,42
426,53
427,10
427,46
427,64
428,10
428,46
428,64
429,10
429,46
430,53
431,53
432,25
432,37
432,42
432,53
432,64
433,53
433,95
434,53
434,95
435,25
435,42
435,53
435,64
435,95
436,53
436,95
437,53
438,37
438,42
438,53
438,95
439,25
439,37
439,42
439,53
439,64
440,9
440,13
440,53
440,95
441,9
441,13
441,53
441,95
442,10
442,13
442,58
442,64
442,95
443,10
443,13
443,58
443,64
443,95
444,53
444,64
445,53
445,64
446,53
446,64
447,19
447,42
447,64
447,72
448,22
448,42
448,64
449,26
449,64
449,95
450,26
450,64
450,95
451,53
451,64
452,42
452,64
452,95
453,42
453,53
454,42
454,53
455,42
455,53
456,47
456,53
456,65
456,73
457,53
457,55
457,56
457,95
458,53
458,55
458,56
458,95
459,53
459,55
459,56
459,95
460,9
460,22
460,64
460,95
461,9
461,22
461,64
461,95
462,10
462,36
462,48
462,64
462,77
462,95
463,10
463,36
463,48
463,64
463,77
463,95
464,10
464,36
464,48
464,64
464,77
464,95
465,42
465,53
466,42
466,53
467,13
467,25
467,42
467,53
468,13
468,25
468,42
468,53
469,10
469,48
469,53
470,13
470,95
471,13
471,95
472,13
472,95
473,10
473,48
473,53
474,13
474,95
475,13
475,95
476,53
476,95
477,42
477,53
478,42
478,64
479,53
479,95
480,47
480,53
481,25
481,26
481,37
481,42
481,62
481,64
481,69
482,25
482,26
482,37
482,42
482,62
482,64
482,69
483,25
483,26
483,37
483,42
483,62
483,64
483,69
484,10
484,13
484,26
484,48
484,53
484,64
484,78
485,13
485,53
486,13
486,53
487,13
487,53
488,12
488,36
488,53
488,58
488,75
489,26
489,64
489,99
490,9
490,30
490,36
490,42
490,53
490,55
490,64
490,95
490,99
491,12
491,23
491,36
491,53
491,64
491,95
491,99
492,26
492,36
492,53
492,64
493,9
493,30
493,36
493,42
493,53
493,55
493,64
493,95
493,99
494,9
494,30
494,36
494,42
494,53
494,55
494,64
494,95
494,99
495,9
495,20
495,53
496,9
496,20
496,53
497,53
497,95
498,26
498,36
498,64
498,75
498,95
498,99
499,26
499,64
499,99
500,3
500,42
500,53
501,3
501,42
501,53
502,37
502,53
503,26
503,42
503,92
504,37
504,53
505,26
505,42
505,92
506,37
506,53
507,26
507,42
507,92
508,37
508,53
509,42
509,53
509,64
509,72
510,9
510,13
510,16
510,53
510,64
510,78
511,53
512,47
513,9
513,13
513,16
513,53
513,64
513,78
514,47
515,47
516,9
516,13
516,16
516,53
516,64
516,78
517,10
517,53
518,10
518,26
518,53
518,78
519,10
519,26
519,53
519,78
520,53
521,42
521,53
521,64
521,78
522,42
522,53
522,64
522,78
523,42
523,53
523,64
523,78
524,42
524,53
524,64
524,78
525,19
525,25
527,19
527,25
528,25
528,53
528,95
529,19
529,25
530,19
530,25
531,26
531,37
531,42
531,62
531,64
531,98
531,99
532,42
533,13
533,19
533,42
533,47
534,13
534,26
534,42
534,53
535,42
536,13
536,26
536,42
536,53
537,3
537,13
537,26
537,42
537,53
537,95
538,13
538,19
538,42
538,47
539,42
540,13
540,26
540,53
540,95
541,13
541,19
541,26
541,27
541,42
541,53
541,95
542,13
542,19
542,42
542,47
543,3
543,13
543,26
543,42
543,53
543,95
544,13
544,26
544,53
544,95
545,13
545,26
545,40
545,47
546,13
546,26
546,42
546,53
547,13
547,26
547,53
547,95
548,3
548,13
548,26
548,42
548,53
548,95
549,42
549,53
550,42
550,53
551,13
551,22
551,42
551,95
552,53
552,92
553,9
553,42
553,53
553,55
553,56
553,78
554,53
554,56
555,3
555,25
555,42
555,53
556,3
556,25
556,42
556,53
557,3
557,25
557,42
557,53
558,42
558,53
559,42
559,53
560,42
560,53
561,9
561,44
561,53
561,56
562,9
562,44
562,53
562,56
563,9
563,44
563,53
563,56
564,19
564,42
564,53
565,19
565,42
565,53
566,64
566,99
567,64
567,99
568,64
568,99
569,9
569,42
569,53
569,55
569,72
570,9
570,42
570,53
570,55
570,72
571,13
571,42
571,53
571,72
572,47
572,53
572,65
573,47
573,53
573,65
574,13
574,53
575,13
575,53
576,13
576,53
577,13
577,53
577,56
578,40
578,42
579,25
579,53
579,64
579,83
580,42
580,53
580,92
580,95
581,64
581,99
582,53
582,64
582,95
583,64
583,99
584,64
584,99
585,42
585,47
585,53
585,55
585,64
585,92
586,13
586,25
586,26
586,53
586,64
586,73
586,95
586,99
587,13
587,25
587,26
587,53
587,64
587,73
587,95
587,99
588,47
588,53
588,64
589,47
589,53
589,64
590,25
590,26
590,42
590,53
590,55
591,25
591,26
591,42
591,53
591,55
592,25
592,42
592,53
593,25
593,26
593,42
593,53
594,25
594,42
594,53
595,53
596,53
596,74
597,53
597,74
598,48
598,64
598,74
598,78
599,48
599,64
599,74
599,78
600,9
600,53
600,56
600,64
601,5
601,9
601,26
601,42
601,44
601,53
601,55
601,58
602,5
602,31
602,32
602,53
604,5
605,6
605,7
605,93
607,5
608,48
608,74
610,5
610,53
610,74
610,77
612,5
612,25
612,74
613,5
613,64
613,75
613,78
614,3
614,53
615,3
615,64
615,74
615,99
616,3
616,5
616,47
616,53
616,64
616,74
616,99
617,3
617,5
617,31
617,32
617,48
617,53
617,74
617,75
617,77
618,5
618,48
618,74
619,9
619,10
619,26
619,31
619,32
619,44
619,48
619,53
619,77
620,5
620,25
620,64
621,31
621,74
622,3
622,5
623,53
624,5
625,3
625,25
625,31
625,32
625,48
625,53
625,64
625,74
626,5
627,48
627,74
628,48
628,74
629,22
629,26
629,48
629,75
629,76
630,5
630,31
630,32
630,48
630,53
630,74
631,10
631,29
631,47
631,53
631,75
632,5
632,53
632,93
633,5
633,53
633,93
634,5
634,48
634,75
635,5
635,53
635,74
636,5
636,26
636,48
636,53
636,64
637,6
637,7
637,75
637,93
638,3
638,5
638,53
638,64
638,74
638,80
639,53
640,3
640,5
640,48
640,53
640,64
640,74
641,5
641,47
641,53
641,64
642,3
642,5
642,31
642,32
642,48
642,77
642,93
643,5
643,31
643,33
644,9
644,30
644,31
644,48
644,64
644,74
645,3
645,5
645,26
645,31
645,47
645,48
645,53
645,64
645,75
646,3
646,5
646,31
646,33
646,74
646,85
647,53
648,5
648,53
648,74
648,75
649,6
649,7
649,93
650,3
650,22
650,31
650,74
650,75
650,93
651,3
651,26
651,48
651,53
651,64
651,75
652,5
652,48
652,53
652,64
652,74
652,93
652,99
653,5
653,13
653,19
653,42
653,53
653,64
653,73
653,80
654,47
654,53
654,75
654,88
654,93
655,5
655,13
655,19
655,42
655,53
655,64
655,73
655,80
656,3
656,31
657,31
657,32
657,47
657,48
657,93
658,3
658,31
658,47
658,48
658,53
658,75
659,5
659,12
659,53
659,95
660,5
660,53
661,42
661,53
661,56
661,58
661,95
662,5
663,3
663,5
664,6
664,7
664,53
664,75
664,93
664,95
665,3
665,5
665,53
665,64
665,74
665,78
666,5
666,53
666,55
666,73
667,9
667,13
667,42
667,47
667,48
667,64
668,48
668,53
669,3
669,60
669,74
670,3
670,5
670,53
671,47
671,48
671,53
671,75
672,6
672,7
672,22
672,47
672,93
673,6
673,7
673,93
674,22
674,42
674,48
674,53
674,64
674,99
675,48
675,75
675,76
676,3
676,5
676,73
677,29
677,48
677,75
678,53
679,10
679,48
679,75
680,3
680,5
680,53
681,5
681,31
682,22
682,53
682,64
682,99
683,5
683,53
683,95
684,22
684,26
684,47
684,74
684,75
685,5
685,10
685,47
685,53
685,75
685,93
686,47
686,93
687,3
687,34
687,48
687,64
687,75
687,93
688,48
688,53
688,83
688,95
689,31
689,53
689,73
690,53
690,77
691,28
691,77
692,47
692,48
693,49
693,53
693,64
693,78
693,80
694,5
695,64
695,75
696,5
696,10
696,22
696,48
696,53
696,64
696,74
696,75
696,85
696,99
698,5
698,6
698,7
698,53
698,74
698,93
698,95
699,5
699,93
700,25
700,47
700,53
700,74
701,6
701,7
701,53
701,74
701,93
702,5
702,9
702,42
702,53
702,55
702,58
702,75
702,93
703,9
703,10
703,26
703,48
703,64
703,73
703,78
704,5
704,31
704,47
704,48
704,74
704,75
705,42
705,53
705,56
705,58
705,95
706,5
707,3
707,5
707,74
708,31
708,53
708,77
709,3
709,53
710,5
710,31
711,3
711,5
711,31
711,53
711,95
712,5
712,53
712,56
712,95
713,53
713,64
714,48
714,77
715,53
716,5
716,31
716,44
717,22
717,23
717,74
718,3
718,9
718,53
718,58
718,73
718,78
718,95
719,47
719,53
720,5
720,64
720,80
720,98
721,5
721,48
721,53
721,64
722,22
722,47
722,53
722,93
723,10
723,53
723,75
724,47
724,93
725,5
725,25
725,48
725,53
725,93
726,3
726,48
726,53
726,93
727,3
727,53
727,64
727,74
728,5
728,47
729,3
729,5
729,31
729,47
729,48
729,53
729,75
730,74
731,48
731,53
731,77
732,9
732,44
732,53
733,9
733,52
733,53
733,95
734,22
734,53
734,64
734,99
735,22
735,53
735,64
735,99
736,48
737,31
737,42
737,53
737,64
737,78
738,5
738,53
738,95
739,5
739,28
739,77
740,9
740,10
740,26
740,48
740,75
741,53
742,5
743,9
743,25
743,44
743,53
743,58
743,64
744,5
744,53
744,64
744,75
744,76
745,5
745,47
745,48
745,53
745,83
745,93
746,9
746,53
746,56
746,58
746,60
746,95
747,48
747,75
747,78
748,5
749,53
749,75
750,3
750,5
750,31
750,53
750,74
750,95
751,3
751,5
751,31
751,47
751,64
751,75
752,5
752,10
752,23
752,53
752,64
752,74
753,9
753,53
753,77
754,44
754,53
755,47
756,22
756,48
756,75
756,76
758,48
758,75
759,3
759,5
759,48
760,5
760,31
760,53
760,64
760,74
761,5
761,47
761,48
761,53
761,64
761,75
762,85
763,85
764,5
764,53
764,64
765,12
765,53
765,93
766,47
766,48
766,75
766,93
767,5
767,53
768,47
768,48
768,75
769,47
769,48
769,53
769,75
769,76
770,73
770,77
770,93
771,3
771,5
771,10
771,42
771,48
771,53
771,75
771,77
771,93
772,5
772,9
772,23
772,53
773,44
773,53
774,5
774,53
774,64
774,95
775,9
775,22
775,48
775,53
775,75
775,76
776,42
776,53
776,64
777,48
777,53
777,74
777,75
777,76
777,93
778,5
778,31
778,53
779,5
779,31
779,53
780,5
780,53
780,64
780,95
781,22
781,48
781,53
781,75
781,93
782,6
782,7
782,31
782,53
782,74
782,93
783,53
783,77
783,93
785,5
785,10
785,19
785,31
785,42
785,48
785,53
785,64
785,93
786,3
786,9
786,53
786,55
786,56
786,58
786,74
787,9
787,93
788,9
788,53
788,64
789,3
789,5
789,9
789,44
789,53
789,64
790,3
790,5
790,9
790,44
790,53
790,64
791,5
791,13
791,31
791,64
791,68
791,74
792,21
792,47
792,48
793,3
793,48
793,53
793,74
793,75
793,77
794,85
795,10
795,47
795,53
795,75
795,93
796,47
796,48
796,53
796,75
797,5
797,31
797,53
797,93
798,47
798,53
798,75
799,5
799,53
799,74
799,93
800,3
800,5
800,47
800,48
800,75
800,77
801,53
801,75
801,93
802,3
802,5
802,53
802,73
803,5
803,53
803,64
804,3
804,53
804,55
804,64
804,78
804,95
804,99
805,31
805,53
806,9
806,48
806,50
806,53
806,64
806,99
807,3
807,5
807,74
807,75
807,95
808,5
808,22
808,31
808,53
808,64
808,75
808,99
809,47
809,53
809,77
809,93
810,3
810,53
810,74
811,3
811,5
811,74
811,75
811,95
812,5
813,5
813,53
813,73
813,93
816,47
816,53
816,73
816,93
817,53
818,5
818,53
818,64
818,75
819,5
819,48
819,53
820,5
820,10
820,53
820,75
821,3
821,58
821,64
821,74
821,83
822,9
822,48
822,53
822,74
822,95
823,5
823,53
824,53
824,64
824,99
825,31
825,47
826,9
826,48
826,53
826,64
826,75
826,78
827,74
827,75
828,3
828,5
828,47
828,53
828,75
829,3
829,53
829,56
829,58
830,3
830,48
830,64
830,75
830,95
831,9
831,22
832,53
832,77
832,93
833,22
833,53
833,75
835,22
835,47
835,53
835,64
835,75
836,5
836,53
837,48
838,9
838,10
838,42
838,47
838,48
838,64
838,75
839,74
840,5
840,42
840,48
840,64
840,83
841,22
841,48
841,53
841,64
841,68
842,22
842,47
842,48
842,53
842,75
843,3
843,5
843,53
843,75
844,5
844,53
844,74
845,3
845,5
845,48
845,53
846,6
846,10
846,53
846,74
847,31
847,74
849,31
849,32
849,53
849,74
850,47
850,48
850,53
850,75
850,93
852,5
852,28
852,31
852,32
852,74
852,77
853,93
854,12
854,23
854,48
854,75
854,77
855,5
855,26
855,31
855,32
855,48
855,53
855,75
855,77
855,93
856,22
856,53
856,75
857,5
857,53
857,74
858,31
858,32
858,77
859,10
859,42
859,47
859,48
859,53
859,64
859,75
860,31
860,53
860,64
861,31
861,47
861,48
861,64
861,75
861,78
861,99
862,3
862,31
862,64
863,3
863,5
863,31
863,47
863,64
863,74
864,3
864,5
864,9
864,10
864,13
864,31
864,32
864,42
864,53
864,64
864,74
864,78
864,99
865,3
865,5
865,53
865,64
866,64
866,85
867,3
867,53
867,55
867,64
867,78
867,95
867,99
869,9
869,22
869,31
869,32
869,48
869,53
869,77
869,78
869,82
869,93
871,5
872,3
872,5
872,64
872,74
873,3
873,5
873,9
873,10
873,13
873,42
873,53
873,64
873,74
873,93
873,95
874,5
874,53
874,74
875,48
875,53
875,85
875,93
876,3
876,22
876,47
876,48
876,53
876,74
876,75
876,77
876,93
877,5
877,53
877,74
877,75
878,5
879,5
879,31
879,64
880,5
880,53
881,85
882,3
882,5
882,45
882,53
882,64
882,74
882,78
882,83
882,96
883,53
883,64
884,5
884,31
884,48
884,75
884,93
885,5
885,48
885,53
885,75
886,47
886,48
886,53
886,75
886,77
886,88
886,93
887,25
887,48
887,53
887,58
887,64
888,44
889,31
889,47
889,53
889,64
890,3
890,45
890,53
890,74
890,78
890,83
890,95
891,23
891,47
891,48
891,53
891,75
892,25
892,48
892,53
892,64
892,75
892,76
892,78
893,22
893,44
893,60
893,75
893,85
894,77
894,93
895,9
895,52
895,53
895,56
895,58
896,3
896,31
896,32
896,48
896,53
896,64
897,22
897,47
897,53
897,75
898,5
898,31
898,33
898,53
898,75
899,47
899,53
899,75
900,3
900,31
900,32
900,48
900,53
900,64
901,22
901,47
901,53
901,75
902,5
902,31
902,33
902,53
902,75
903,5
903,53
903,74
904,75
905,10
905,47
905,48
906,25
906,48
906,53
906,64
906,75
906,76
906,78
907,23
907,47
907,48
907,53
907,75
908,5
908,31
908,48
908,75
908,93
909,5
909,53
910,3
910,5
910,48
910,53
910,75
910,77
910,93
911,3
911,22
911,48
911,53
911,74
912,3
912,22
912,48
912,53
912,74
913,53
913,75
913,76
914,22
914,47
914,53
914,75
915,23
915,50
915,75
916,9
916,13
916,40
916,42
916,47
916,48
916,64
917,77
917,93
918,5
918,9
918,20
918,48
918,53
918,75
918,78
919,74
919,75
919,93
920,5
920,23
920,64
920,74
920,99
921,9
921,10
921,13
921,25
921,42
921,48
921,53
921,64
921,68
921,74
921,93
922,5
922,22
922,47
922,53
922,75
923,47
923,53
923,75
924,22
924,47
924,53
925,28
925,53
926,5
926,31
926,32
926,53
926,64
926,83
926,98
926,99
927,42
927,48
927,53
927,78
927,83
928,42
928,53
928,64
928,78
929,3
929,5
929,42
929,53
929,78
929,93
930,3
930,5
930,48
930,53
931,8
931,9
931,22
931,53
931,56
932,3
932,9
932,31
932,48
932,64
932,74
932,93
933,5
933,53
933,74
934,75
935,5
935,53
935,75
936,9
936,44
936,47
936,48
936,53
936,56
936,64
936,99
937,5
937,53
938,5
938,53
939,53
940,47
940,48
940,53
940,77
941,85
942,5
942,10
942,74
943,47
943,53
943,93
944,47
944,53
944,75
944,82
944,87
945,3
945,5
945,31
945,32
945,64
945,77
946,8
946,9
946,22
946,64
946,99
947,3
947,5
947,31
947,33
947,53
947,64
947,75
947,93
948,5
949,53
949,74
950,5
950,42
950,53
950,64
950,74
950,78
951,22
951,31
951,32
951,47
951,48
951,53
951,74
951,75
951,76
951,93
952,9
952,42
952,64
952,93
953,7
953,47
953,53
953,84
953,90
953,93
954,3
954,53
954,74
955,5
955,10
955,74
957,3
957,5
957,47
957,48
957,53
958,9
958,22
958,48
958,53
958,64
959,31
959,47
959,48
959,53
960,3
960,5
960,53
961,53
961,75
962,3
962,5
962,42
962,48
962,53
962,74
962,83
963,3
963,5
963,42
963,48
963,53
963,74
963,83
964,10
964,48
964,64
964,75
965,9
965,26
965,28
965,45
965,53
965,77
965,93
966,3
966,5
966,53
966,64
966,74
967,74
967,75
968,21
968,22
968,48
968,50
969,5
969,31
969,44
969,48
969,53
969,74
970,9
970,31
970,48
970,73
970,75
970,95
971,9
971,42
971,48
971,53
971,75
971,93
972,48
973,9
973,47
973,53
973,75
975,42
975,44
975,64
975,95
976,25
977,22
977,44
977,53
978,9
978,25
978,47
978,53
978,95
979,5
979,47
980,53
980,95
981,5
981,47
981,53
981,64
981,75
982,9
982,53
982,56
982,78
982,93
983,10
983,48
983,93
984,3
984,5
984,9
984,10
984,42
984,48
984,53
984,64
984,87
984,92
985,5
985,47
985,75
985,93
986,31
986,32
986,48
986,53
986,64
986,75
987,31
987,32
987,48
987,75
987,76
988,5
988,47
988,48
988,75
989,26
989,31
989,32
989,48
989,53
989,77
990,74
990,93
991,22
991,48
991,75
991,87
991,93
992,3
992,53
992,95
993,5
993,12
993,48
993,53
994,77
994,93
995,9
995,42
995,48
995,53
995,68
996,48
996,75
997,3
997,31
997,32
997,74
998,5
998,9
998,48
998,53
998,56
999,9
999,52
999,53
999,58
